{ "levels": [
	{
		"free_usage": 195,
		"timeBetweenActions": {
			"top": 28.60601806640625,
			"top_q": 3.015003204345703,
			"median": 1.6309814453125,
			"bottom_q": 0.5369873046875,
			"bottom": 0.134002685546875
		},
		"completitionTime": {
			"top": 32.70600128173828,
			"top_q": 46.81300354003906,
			"median": 53.26899719238281,
			"bottom_q": 76.82700538635254,
			"bottom": 132.80999755859375
		},
		"actionCount": {
			"top": 44,
			"top_q": 31,
			"median": 26,
			"bottom_q": 20,
			"bottom": 15
		},
		"timeToFirstDrop": {
			"top": 0.8929996490478516,
			"top_q": 1.1160006523132324,
			"median": 1.0270004272460938,
			"bottom_q": 61.233001708984375,
			"bottom": 0
		}
	},
	{
		"free_usage": 263,
		"timeBetweenActions": {
			"top": 12.857025146484375,
			"top_q": 2.680999755859375,
			"median": 1.3499984741210938,
			"bottom_q": 0.5699996948242188,
			"bottom": 0.189971923828125
		},
		"completitionTime": {
			"top": 30.794998168945312,
			"top_q": 39.66399383544922,
			"median": 47.360992431640625,
			"bottom_q": 50.263999938964844,
			"bottom": 99.802978515625
		},
		"actionCount": {
			"top": 46,
			"top_q": 32,
			"median": 25,
			"bottom_q": 22,
			"bottom": 17
		},
		"timeToFirstDrop": {
			"top": 1.5539932250976562,
			"top_q": 1.430999755859375,
			"median": 1.10699462890625,
			"bottom_q": 13.782989501953125,
			"bottom": 2.759002685546875
		}
	},
	{
		"free_usage": 1,
		"timeBetweenActions": {
			"top": 19.602020263671875,
			"top_q": 2.691986083984375,
			"median": 1.7650146484375,
			"bottom_q": 1.2960205078125,
			"bottom": 0.076995849609375
		},
		"completitionTime": {
			"top": 65.62300109863281,
			"top_q": 84.60199737548828,
			"median": 104.72897338867188,
			"bottom_q": 128.46502685546875,
			"bottom": 238.010009765625
		},
		"actionCount": {
			"top": 116,
			"top_q": 67,
			"median": 47,
			"bottom_q": 35,
			"bottom": 18
		},
		"timeToFirstDrop": {
			"top": 1.808990478515625,
			"top_q": 1.4409942626953125,
			"median": 7.13800048828125,
			"bottom_q": 31.16400146484375,
			"bottom": 0.6360015869140625
		}
	},
	{
		"free_usage": 8,
		"timeBetweenActions": {
			"top": 19.032989501953125,
			"top_q": 6.052978515625,
			"median": 3.75299072265625,
			"bottom_q": 2.17901611328125,
			"bottom": 0.00897216796875
		},
		"completitionTime": {
			"top": 63.28900146484375,
			"top_q": 78.6920166015625,
			"median": 96.04901123046875,
			"bottom_q": 124.4549560546875,
			"bottom": 206.9219970703125
		},
		"actionCount": {
			"top": 53,
			"top_q": 26,
			"median": 19,
			"bottom_q": 13,
			"bottom": 10
		},
		"timeToFirstDrop": {
			"top": 1.0370025634765625,
			"top_q": 2.0439910888671875,
			"median": 0.792999267578125,
			"bottom_q": 25.300048828125,
			"bottom": 1.485992431640625
		}
	},
	{
		"timeBetweenActions": {
			"top": 19.94903564453125,
			"top_q": 2.537017822265625,
			"median": 1.37298583984375,
			"bottom_q": 0.626007080078125,
			"bottom": 0.0899658203125
		},
		"completitionTime": {
			"top": 30.593994140625,
			"top_q": 39.50799560546875,
			"median": 50.32000732421875,
			"bottom_q": 57.03302001953125,
			"bottom": 88.666015625
		},
		"actionCount": {
			"top": 51,
			"top_q": 31,
			"median": 29,
			"bottom_q": 20,
			"bottom": 17
		},
		"timeToFirstDrop": {
			"top": 6.980010986328125,
			"top_q": 4.878997802734375,
			"median": 6.7130126953125,
			"bottom_q": 30.9970703125,
			"bottom": 28.9630126953125
		}
	}
] }